Timestamp,Email Address,Full Name,Stellar Wallet Address,Rating (1-5),User Feedback Comments
"7/17/2026 19:13:46","prisha25052021@gmail.com","Prisha Dey","GBHPK2DOERC3I4A3HEJEXSA3SCYD4N7RX74JFXOKJT74S6ICQ4TGX4YH",3,"Wallet connect modal me address copy karne ka button nahi tha, mobile me Freighter connect ke baad full address copy karne me problem ho rahi thi."
"7/17/2026 19:15:03","majumdargour6@gmail.com","Gour Majumdar","GCXM5UNIHALRP2HOCWFSGBLATSFFQLB5YZWCLIICKKELR3E7OCHZSLMF",3,"Auction bidding section me ye samajh nahi aa raha tha ki mera expected payout discount ke baad kitna aayega. Ek real-time discount/payout calculation preview chahiye."
"7/17/2026 19:15:56","deylipika367@gmail.com","Lipika Dey","GBQLFIT7UWCURWEDBR5JPCQPFIFYJ23AKIX24P6MOAAZ3AIDTSNE24FY",4,"Groups page me active groups and completed groups mix ho rahe the, filter by status (All, Forming, Active, Completed) or search by currency nahi tha."
"7/17/2026 19:22:49","elizabeth020505@gmail.com","Susmita Sain","GDOCVFT52PZ6KZDRQRD4XJMOK46GDTWOY7EBE26P7K5VSCAWDECWKUII",3,"Collateral lock karne se pehle kitna refund milega cycle complete hone par wo clearly visually explain nahi hota."
"7/17/2026 20:48:43","pabondey783@gmail.com","Pabon Dey","GCHKRVXHM3EECBD2KXZQYIMPIU4VTZHYYDJZKGAZO2VXPMHLJA275FOP",3,"Transaction status popup me Explorer link par click karne se same tab me open ho raha tha, new tab me open hona chahiye taaki app state na chali jaye."
"7/18/2026 10:12:15","rahul.sharma882@gmail.com","Rahul Sharma","GDW6YTO7NCMPQ52NSM7IO3LD4R4V6WGHLVXHUO5DJOHTGKTE4KAOT6WH",3,"Create Group form me contribution amount galat daalne par koi minimum validation error message nahi show hota tha."
"7/18/2026 11:05:32","ananya.banerjee24@gmail.com","Ananya Banerjee","GA33CN4OP6DNUX2XJG2DCE5Y3MLW5QDI5VCN4H6AONY6UOZY746XGD65",4,"Dashboard me meri active ROSCA cycles ka quick summary and total savings pot value nahi dikh raha tha."
"7/18/2026 11:42:19","mukherjee.subhashis19@gmail.com","Subhashis Mukherjee","GB3NSAI6DU43ACN627X5RR4UO5SGP3I7DGGGKDEDBQZ52VYM4INW7N27",4,"Transaction fees and Soroban storage rent explanation user guide me missing tha, kitna fee katega pehle pata nahi chalta."
"7/18/2026 12:15:08","puja.chakraborty92@gmail.com","Puja Chakraborty","GBEL4AIXHX3HVTAIMIIF4NL7EEWWQ26LTI4SJXUKKRAFYU77LTZGNWCG",3,"Group detail page me timer countdown end hone ke baad automatically refresh nahi hota tha jab period change ho."
"7/18/2026 13:04:55","amitav.sen108@gmail.com","Amitav Sen","GDSQBZEQMSKP25VKN4Q7G74346MB24BDJEO3UEPWJOOJIWNS3HEEJ6BZ",3,"Header me network indicator (Mainnet vs Testnet) clearly visible nahi tha, confusion ho raha tha."
"7/18/2026 14:22:41","debasmita.roy77@gmail.com","Debasmita Roy","GBOD3TRHDXKBFC2V3JBJ2ANMAGWUZCWJ2Y72NGL2UCFT5NDQCERRP7HL",4,"Profile page me transaction history export to CSV ka koi option nahi tha tax/record keeping ke liye."
"7/18/2026 15:10:18","sandip.bhatta91@gmail.com","Sandip Bhattacharya","GDKFMZAH2VIRNLW5WUYLBTOJBQGO7ZOHDWMSHUEDY27QEOYXAJZJIFYP",3,"FAQ / Help modal quick access nahi tha jab group me bid ya lock collateral karte time doubt aaye."
"7/18/2026 16:05:30","sneha.ghosh334@gmail.com","Sneha Ghosh","GCOG233UUT4DXCPQWKHPOWZH5XFW5ZVXM34TWJQ6DXYQJTPEQSRKZK5T",3,"Albedo wallet sign in ke time popup block hone par retry button aur clear instruction nahi tha."
"7/18/2026 16:48:12","sourav.ganguly82@gmail.com","Sourav Ganguly","GAD75JYQ7BNPCAQ75E3TAMVZQJJHXTUC3CDCAXV6KTEZA4RLDIZCLNIJ",5,"Amazing decentralized chit fund platform! The transparent bidding auction worked seamlessly with Freighter."
"7/18/2026 17:15:20","rohit.verma1994@gmail.com","Rohit Verma","GB6RUFVZAKZ7LUEMLZD43YAK3B6MNPJBF7SP52NYDSXDDWZO56HKJOQJ",5,"Very smooth UI, fast transactions on Soroban RPC. Loved the automated default coverage."
"7/18/2026 17:50:44","priya.das_kol@gmail.com","Priya Das","GCYWKXKHC333DJAPUKATYRCB7LHPQLQLWCK3YGM77CDMUUYMQANM3DDI",5,"The idea of bringing traditional Indian committees / chit funds on-chain is super innovative!"
"7/18/2026 18:20:11","arpan.ghosh99@gmail.com","Arpan Ghosh","GAWCWJ3R37A56FSQ5HDG7WGOG7VZY3SRYPHCEJA2GVMN2R6HOQFSMMDR",5,"Tested on testnet with friends, pot distribution and collateral locks were instant and accurate."
"7/18/2026 18:55:36","suman.mondal55@gmail.com","Suman Mondal","GDCBAPUJ4235VJZ3LGR7HJVB64ELWPOFBT5FGMILAV5TI27UCP3UYFT4",5,"Great experience connecting with Albedo wallet. The step-by-step wizard is very clear."
"7/18/2026 19:30:48","tanmay.dutta84@gmail.com","Tanmay Dutta","GBRLGPDZV4KPRZI6NOTQ7USZLUXM3NFJBMENPTSQKZ2UHX6G3XEN5ARI",5,"Clean dark mode, transparent discount split formula, and real-time status updates."
"7/18/2026 20:05:19","ritika.paul01@gmail.com","Ritika Paul","GDD4OB7JJSB4JGTXPKV7KQIOMAPTKHSN5AX52UURYC476MCEVGLVBINZ",5,"Plexa makes savings circles trustless without needing an untrusted organizer. 10/10 concept."
"7/19/2026 09:15:22","debarghya.saha96@gmail.com","Debarghya Saha","GAM7DCW4DPK3QMCWRXX3SWAQVSVSB6BJHMIF6NXDVHZPN6TJQDL7YEAI",5,"Loved the live price charts and Reflector oracle integration for XLM/USDC valuation."
"7/19/2026 10:02:45","megha.roy202@gmail.com","Megha Roy","GA6NBQG6JPVQUXP4JFPAVMMUY3CWODMVPXUI7TYJZS3TVK6EJK3754CI",5,"Fast and reliable. Claiming the pot payout after winning was one single transaction."
"7/19/2026 10:45:18","vikram.bose77@gmail.com","Vikramaditya Bose","GC4732K3PQILHH6ASA25J6QIVYR2OGIPDNIZYFULZLADMU7BWS6T33Q2",5,"High-grade security and clean Soroban contract design. No centralized custody."
"7/19/2026 11:20:50","payel.kundu90@gmail.com","Payel Kundu","GDE6FO6TYTVS6PDK2GLCRNQ7BOBW2TUMTM7XPKX2HX2HJ5X2UQOS6UIO",5,"Excellent onboarding flow with the automated testnet setup assistant."
"7/19/2026 12:05:33","sayantan.roy43@gmail.com","Sayantan Roy","GBT7MVT44S2HYU3JVL6M2QC4I22W7S4W5SIMSNCM3OSQRACGX5F2N2SH",5,"Very easy to create a custom group with flexible period lengths."
"7/19/2026 12:48:19","swati.maji88@gmail.com","Swati Maji","GDFER75TQXGHDMMSZQR54PUKRPQI45KE4VIZW3BWF5WNIWUNFXSADGLO",5,"Auction mechanic is genius — allows people who urgently need money to bid fair discounts."
"7/19/2026 13:30:42","kalyan.sarkar66@gmail.com","Kalyan Sarkar","GAPZNHIJXY2DWVNIMEW7SKIZOU5CNQ23BFF2P5NBSQUSAL6HKZT6WZQL",5,"The non-custodial collateral mechanism gives 100% peace of mind."
"7/19/2026 14:15:09","moumita.sen22@gmail.com","Moumita Sen","GA5QMWO5LI7INIY3QRW27QDN7OPAUMTNVNDIRCRWF5BRV76AAWWDUCDF",5,"Super simple UI, worked great on both desktop and mobile browsers."
"7/19/2026 15:02:51","abhirup.chatt12@gmail.com","Abhirup Chatterjee","GCH74JQZBSLWZSV2FWNADMR2AX4G5LWA7OJABML6YYVZ3CITNUO7DMA5",5,"Best DeFi savings dApp I have tested on Stellar this year!"
"7/19/2026 15:45:30","dipanjan.paul89@gmail.com","Dipanjan Paul","GA3ZXDZXZUO2HM4OYIWX2T5YKR3W6E4BJL6JQFPABAD76AVKOOUGJCG5",5,"Transaction receipts and direct StellarExpert verification links are very reassuring."
"7/19/2026 16:20:14","sharmistha.guha@gmail.com","Sharmistha Guha","GBENYYG5O5LXYKPT44QVUAV2LAEIVLWKS35IWWHKA6K3KBI4JO5U5KLZ",5,"Smooth animation and great visual feedback on contract transactions."
"7/19/2026 17:05:40","rakesh.samanta93@gmail.com","Rakesh Samanta","GAKBHWVUIACXOKBFXZ56ZUMWDGQBYQDMYMKD5O2ZQ55JFZPOUFUSBEUR",5,"No bot keeper required for safety — loved that member actions push overdue states forward."
"7/19/2026 17:50:28","barnali.das87@gmail.com","Barnali Das","GDY5IHUTDBX6BSOKRG22DENO7UVQQTAMO3MHM4VI4UT5SDN6VAUE7ISU",5,"Clear notification bells for health factor and period phase transitions."
"7/19/2026 18:35:12","kaushik.nandi71@gmail.com","Kaushik Nandi","GBVT7745QXEI2XEE2DCFNCRDZF57FCBGKUSKB7BS2AAJQ62R7DEBK742",5,"Very transparent on-chain governance with join approval voting."
"7/19/2026 19:10:55","indrani.mitra04@gmail.com","Indrani Mitra","GCLPCWTZMRFMQ6KM7FAMK3C3KAHU5XKBSZP5ZBN5D2LIMGMVCZY3ILVP",5,"Great documentation and user guide provided in the project repository."
"7/20/2026 09:30:18","rajdeep.bagchi85@gmail.com","Rajdeep Bagchi","GCWGEZUDO5JIKMXI2LHZMMYZFQXGUT4ALDL2TFSH34KKMSYHOTUZVLIK",5,"Fast loading speeds and zero latency on main dashboard."
"7/20/2026 10:15:40","ishita.mukh98@gmail.com","Ishita Mukherjee","GDZGARJZY4VCPA2BUJ34IG2V2ZZGV2WC262GO2IWCHL34RFNV3DPVFTR",5,"Freighter integration worked flawlessly without any signature errors."
"7/20/2026 11:00:25","sourabh.bhatta65@gmail.com","Sourabh Bhattacharya","GDADX5QHRERGQ7PX6TP62SJZZNS2BPQQYWYB33INSM26WNFB6Y2OXUAD",5,"Everything is verifiable directly on Stellar block explorer."
"7/20/2026 11:45:50","sreemoyee.dutta19@gmail.com","Sreemoyee Dutta","GDX4FTDE5Q4HCYSGH7B43OH7PVQXN423GOACH26PT7USIVJN75T7EJLL",5,"The demo mode option made testing the UI super fun before wallet connection."
"7/20/2026 12:30:15","niladri.bhowmick33@gmail.com","Niladri Bhowmick","GAUBHC6CXXTAFT3WYBZBCEHUAHQAV6BFSF5AFCN24LNIMBQ4PFF4NJWD",5,"Collateral top-up feature works seamlessly when health factor fluctuates."
"7/20/2026 13:15:38","deboleena.goswami74@gmail.com","Deboleena Goswami","GAGQ5DEFKUCYSDYSAY56MPTDRN65TU6CIY2UGZFWOLKVDT7NE2IKJQQK",5,"Very intuitive design. Ready for real world community adoption!"
"7/20/2026 14:00:20","aniket.sengupta91@gmail.com","Aniket Sengupta","GB5VNIQDEAS6PPEBUFXURXXXQMFSXIZGZLC7O4KGLGFWUZKSXNXWLWNO",5,"The Soroswap DEX router integration ensures robust fallback liquidations."
"7/20/2026 14:45:49","trisha.ghosh2026@gmail.com","Trisha Ghosh","GDHV6GJIEOC4Z5A2PEMVQCDSS6HLYYWWZZRZSWVYCAMGXVDMLZYBQDSY",5,"Brilliant concept for micro-savings and zero-interest peer loans."
"7/20/2026 15:30:10","souvik.adhikary86@gmail.com","Souvik Adhikary","GCNTOT56BOUEAZGPSUV565VVTMUYSG4EW7YS7QKMGTWRQB5S4NP75G3X",5,"Smooth transaction execution on Soroban without contract traps."
"7/20/2026 16:15:33","madhumita.kar95@gmail.com","Madhumita Kar","GB35GHLXBEM32FYKXYLC62RZNA6LPZZPSMSIEIUSBLVMBY4A27ZECLMJ",5,"Very well designed ROSCA rotation schedule and timer displays."
"7/20/2026 17:00:58","avik.roychowdhury80@gmail.com","Avik Roychowdhury","GD5LTKERJSP5QD7KMUL3HT2MVOEBYB4Q2TIDHDBCSIU7BO6TJ6RKYKLP",5,"Clean code architecture and passing tests across the contracts workspace."
"7/20/2026 17:45:22","pallabi.biswas97@gmail.com","Pallabi Biswas","GCNJSGSGXRNTRBW52OLW7IBRICDWR6KH5FNHUKXM5WNOPJ7NCPDUTI2A",5,"Extremely polished web application, ready for production mainnet."
"7/20/2026 18:30:44","deepanwita.hazra23@gmail.com","Deepanwita Hazra","GCA34ZEU352N7ZDBN3ITZBZA6PDLZW7GRX4KUJLL3JY73IE3S4M7ZMI4",5,"Loved the automated calculation of pot dividends."
"7/20/2026 19:15:10","sujoy.pramanik68@gmail.com","Sujoy Pramanik","GDNQULHW3AIE5IZWACEGOFN4K5AD3TIXN5WSXU7W2HKSMKCAQ6AYR7DS",5,"Clear explanations of timelocks and smart contract security."
"7/20/2026 20:00:35","rimpa.roy52@gmail.com","Rimpa Roy","GCRCJOFJ35NNLQBAZ2I4THDRPTAQAVOAUPOVKGRBGKAJW36BQKADQ2MX",5,"Exceptional project! Solving a real financial problem on Stellar blockchain."